사용월,호선명,역ID,지하철역,유임승차,유임하차,무임승차,무임하차
Jun-21,1호선,1,서울역,981045 ,929270 ,167818 ,158386 
Jun-21,1호선,10,동묘앞,122567 ,130984 ,140198 ,141067 
Jun-21,1호선,2,시청,471693 ,484053 ,62086 ,61689 
Jun-21,1호선,3,종각,771110 ,752458 ,111805 ,105694 
Jun-21,1호선,4,종로3가,427162 ,383856 ,257671 ,241239 
Jun-21,1호선,5,종로5가,358583 ,366760 ,239486 ,230509 
Jun-21,1호선,6,동대문,209710 ,199031 ,110748 ,110030 
Jun-21,1호선,7,신설동,265865 ,260735 ,103350 ,99401 
Jun-21,1호선,8,제기동,224878 ,218527 ,234585 ,252064 
Jun-21,1호선,9,청량리(서울시립대입구),317436 ,314995 ,236089 ,240160 
Jun-21,2호선,11,시청,520199 ,497354 ,44316 ,38909 
Jun-21,2호선,12,을지로입구,894301 ,918893 ,83065 ,77876 
Jun-21,2호선,13,을지로3가,494091 ,491265 ,65682 ,64130 
Jun-21,2호선,14,을지로4가,251401 ,251342 ,76046 ,73938 
Jun-21,2호선,15,동대문역사문화공원(DDP),272297 ,305854 ,48737 ,51270 
Jun-21,2호선,16,신당,285680 ,296679 ,84802 ,86888 
Jun-21,2호선,17,상왕십리,318775 ,306583 ,60936 ,61456 
Jun-21,2호선,18,왕십리(성동구청),387332 ,314709 ,46042 ,38977 
Jun-21,2호선,19,한양대,197367 ,212541 ,10968 ,11330 
Jun-21,2호선,20,뚝섬,543670 ,587881 ,52617 ,52993 
Jun-21,2호선,21,성수,813760 ,904159 ,92581 ,94416 
Jun-21,2호선,22,건대입구,869879 ,937545 ,78457 ,82089 
Jun-21,2호선,23,구의(광진구청),530339 ,519204 ,88955 ,91179 
Jun-21,2호선,24,강변(동서울터미널),738821 ,723989 ,99640 ,97294 
Jun-21,2호선,25,잠실나루,304218 ,293908 ,70836 ,70911 
Jun-21,2호선,26,잠실(송파구청),1661499 ,1650343 ,155822 ,149203 
Jun-21,2호선,27,잠실새내,471649 ,476178 ,86442 ,86182 
Jun-21,2호선,28,종합운동장,186661 ,201188 ,36104 ,37856 
Jun-21,2호선,29,삼성(무역센터),1233267 ,1259976 ,95905 ,88737 
Jun-21,2호선,30,선릉,1204673 ,1074191 ,189758 ,169124 
Jun-21,2호선,31,역삼,1120925 ,1259883 ,131839 ,133212 
Jun-21,2호선,32,강남,2058680 ,2036873 ,151157 ,134365 
Jun-21,2호선,33,교대(법원.검찰청),735714 ,830654 ,126797 ,141422 
Jun-21,2호선,34,서초,498821 ,481072 ,65490 ,65145 
Jun-21,2호선,35,방배,377457 ,401276 ,63564 ,62851 
Jun-21,2호선,36,사당,823626 ,919950 ,148403 ,143243 
Jun-21,2호선,37,낙성대(강감찬),648621 ,620865 ,91725 ,94545 
Jun-21,2호선,38,서울대입구(관악구청),1120782 ,1106023 ,158924 ,152541 
Jun-21,2호선,39,봉천,523667 ,476773 ,124700 ,123647 
Jun-21,2호선,40,신림,1505230 ,1450980 ,193182 ,195721 
Jun-21,2호선,41,신대방,606134 ,582967 ,111274 ,112297 
Jun-21,2호선,42,구로디지털단지,1441352 ,1436292 ,146039 ,148479 
Jun-21,2호선,43,대림(구로구청),564215 ,577730 ,103004 ,106719 
Jun-21,2호선,44,신도림,1160242 ,1149293 ,168261 ,159929 
Jun-21,2호선,45,문래,487177 ,505234 ,67670 ,66895 
Jun-21,2호선,46,영등포구청,500240 ,509124 ,91689 ,90526 
Jun-21,2호선,47,당산,453058 ,523325 ,51400 ,56311 
Jun-21,2호선,48,합정,791339 ,836501 ,59716 ,59174 
Jun-21,2호선,49,홍대입구,1422122 ,1491896 ,84572 ,80517 
Jun-21,2호선,50,신촌,772384 ,797555 ,106974 ,104473 
Jun-21,2호선,51,이대,301955 ,315972 ,41423 ,42544 
Jun-21,2호선,52,아현,225872 ,213667 ,56720 ,56367 
Jun-21,2호선,53,충정로(경기대입구),219671 ,232497 ,41708 ,41870 
Jun-21,2호선,54,용답,57688 ,57357 ,16108 ,15829 
Jun-21,2호선,55,신답,34232 ,39555 ,8395 ,9072 
Jun-21,2호선,56,신설동,63994 ,61750 ,27906 ,29729 
Jun-21,2호선,57,도림천,30319 ,30935 ,7174 ,7576 
Jun-21,2호선,58,양천구청,141008 ,148963 ,40826 ,41294 
Jun-21,2호선,59,신정네거리,214932 ,220360 ,61039 ,62135 
Jun-21,2호선,60,용두(동대문구청),42057 ,42226 ,20409 ,21505 
Jun-21,3호선,61,지축,90700 ,87375 ,18446 ,18136 
Jun-21,3호선,62,구파발,453460 ,435833 ,100575 ,96242 
Jun-21,3호선,63,연신내,786054 ,732219 ,228275 ,221571 
Jun-21,3호선,64,불광,324964 ,349194 ,122420 ,134580 
Jun-21,3호선,65,녹번,337924 ,300486 ,66473 ,65617 
Jun-21,3호선,66,홍제,344960 ,320221 ,119438 ,117150 
Jun-21,3호선,67,무악재,78597 ,77709 ,24812 ,27029 
Jun-21,3호선,68,독립문,132151 ,138790 ,62093 ,61337 
Jun-21,3호선,69,경복궁(정부서울청사),447333 ,449827 ,66497 ,62498 
Jun-21,3호선,70,안국,444975 ,470715 ,67766 ,69219 
Jun-21,3호선,71,종로3가,205640 ,247764 ,49864 ,55509 
Jun-21,3호선,72,을지로3가,221635 ,234877 ,45450 ,43474 
Jun-21,3호선,73,충무로,25 ,0 ,3 ,0 
Jun-21,3호선,74,동대입구,170322 ,181208 ,28779 ,30750 
Jun-21,3호선,75,약수,276449 ,270243 ,71572 ,67422 
Jun-21,3호선,76,금호,172921 ,160337 ,46738 ,46251 
Jun-21,3호선,77,옥수,198355 ,206869 ,51458 ,51527 
Jun-21,3호선,78,압구정,732134 ,783419 ,111357 ,108027 
Jun-21,3호선,79,신사,738836 ,782464 ,62048 ,59620 
Jun-21,3호선,80,잠원,103458 ,102099 ,26280 ,25397 
Jun-21,3호선,81,고속터미널,1031018 ,1005673 ,146805 ,139409 
Jun-21,3호선,82,교대(법원.검찰청),304164 ,197987 ,55471 ,34198 
Jun-21,3호선,83,남부터미널(예술의전당),672409 ,699318 ,101395 ,102744 
Jun-21,3호선,84,양재(서초구청),866811 ,949772 ,127974 ,128252 
Jun-21,3호선,85,매봉,268264 ,259056 ,52977 ,48659 
Jun-21,3호선,86,도곡,119077 ,123459 ,22047 ,20514 
Jun-21,3호선,87,대치,241045 ,240048 ,50678 ,48644 
Jun-21,3호선,88,학여울,43379 ,45610 ,12145 ,11687 
Jun-21,3호선,89,대청,209872 ,190401 ,50542 ,48441 
Jun-21,3호선,90,일원,204053 ,199306 ,53213 ,53070 
Jun-21,3호선,91,수서,373543 ,383860 ,89063 ,87610 
Jun-21,3호선,92,가락시장,172681 ,168213 ,65052 ,63356 
Jun-21,3호선,93,경찰병원,154418 ,153462 ,35040 ,35948 
Jun-21,3호선,94,오금,137526 ,123723 ,24116 ,23301 
Jun-21,4호선,100,수유(강북구청),748551 ,737501 ,166529 ,165763 
Jun-21,4호선,101,미아(서울사이버대학),301057 ,286266 ,95606 ,97628 
Jun-21,4호선,102,미아사거리,591501 ,569234 ,156780 ,154750 
Jun-21,4호선,103,길음,437720 ,418658 ,95112 ,95484 
Jun-21,4호선,104,성신여대입구(돈암),460706 ,435983 ,73763 ,71021 
Jun-21,4호선,105,한성대입구(삼선교),308289 ,297663 ,63092 ,62440 
Jun-21,4호선,106,혜화,726771 ,741583 ,112612 ,109975 
Jun-21,4호선,107,동대문,392647 ,409566 ,140754 ,137113 
Jun-21,4호선,108,동대문역사문화공원(DDP),342699 ,316979 ,48287 ,43459 
Jun-21,4호선,109,충무로,555787 ,578615 ,100904 ,101517 
Jun-21,4호선,110,명동,424680 ,449756 ,50256 ,52226 
Jun-21,4호선,111,회현(남대문시장),460035 ,497862 ,163433 ,163939 
Jun-21,4호선,112,서울역,237548 ,376649 ,31006 ,37406 
Jun-21,4호선,113,숙대입구(갈월),298564 ,292466 ,45215 ,42247 
Jun-21,4호선,114,삼각지,111907 ,127503 ,20910 ,21710 
Jun-21,4호선,115,신용산,372878 ,400361 ,42933 ,43460 
Jun-21,4호선,116,이촌(국립중앙박물관),166842 ,189291 ,39250 ,41648 
Jun-21,4호선,117,동작(현충원),49156 ,53827 ,24008 ,23729 
Jun-21,4호선,118,총신대입구(이수),380644 ,417144 ,127505 ,133784 
Jun-21,4호선,119,사당,589264 ,489916 ,71582 ,70057 
Jun-21,4호선,120,남태령,26436 ,21904 ,7570 ,7341 
Jun-21,4호선,95,당고개,272183 ,244032 ,79580 ,78625 
Jun-21,4호선,96,상계,412587 ,377311 ,102299 ,100534 
Jun-21,4호선,97,노원,434649 ,495389 ,76480 ,75546 
Jun-21,4호선,98,창동,525729 ,560021 ,166409 ,171359 
Jun-21,4호선,99,쌍문,654296 ,589500 ,137916 ,136020 
Jun-21,경부선,121,서울역,158666 ,48865 ,9330 ,2228 
Jun-21,경부선,122,남영,214892 ,224216 ,31152 ,32709 
Jun-21,경부선,123,용산,833556 ,849371 ,104728 ,103220 
Jun-21,경부선,124,노량진,203788 ,204618 ,33472 ,30745 
Jun-21,경부선,125,대방,283528 ,291298 ,57315 ,56502 
Jun-21,경부선,126,영등포,868139 ,894785 ,187896 ,187662 
Jun-21,경부선,127,신도림,90497 ,90482 ,24308 ,26511 
Jun-21,경부선,151,신길,209593 ,173442 ,42230 ,39643 
Jun-21,경부선,249,구로,425823 ,438417 ,84922 ,82115 
Jun-21,경부선,250,가산디지털단지,426023 ,504526 ,31024 ,34229 
Jun-21,경부선,251,금천구청,251864 ,250203 ,69697 ,70779 
Jun-21,경부선,252,석수,226530 ,200400 ,42755 ,41247 
Jun-21,경부선,253,관악,159038 ,146175 ,46278 ,43662 
Jun-21,경부선,254,안양,537194 ,531498 ,97976 ,101833 
Jun-21,경부선,255,명학,197836 ,197209 ,37704 ,36715 
Jun-21,경부선,256,금정,608487 ,615307 ,98610 ,99986 
Jun-21,경부선,257,군포,169649 ,167769 ,30493 ,29786 
Jun-21,경부선,258,의왕,204880 ,203222 ,37941 ,37820 
Jun-21,경부선,259,성균관대,342486 ,340746 ,43011 ,42984 
Jun-21,경부선,260,화서,167245 ,161605 ,35290 ,34481 
Jun-21,경부선,261,수원,887897 ,933138 ,118371 ,120822 
Jun-21,경부선,262,독산,383066 ,403563 ,56330 ,57935 
Jun-21,경부선,263,세류,71091 ,67266 ,13897 ,13273 
Jun-21,경부선,264,병점,340471 ,343860 ,52429 ,51639 
Jun-21,경부선,265,세마,61322 ,56384 ,12896 ,12132 
Jun-21,경부선,266,오산대,81353 ,75951 ,15233 ,14690 
Jun-21,경부선,267,오산,238070 ,233856 ,37979 ,38758 
Jun-21,경부선,268,진위,35441 ,31065 ,6871 ,6427 
Jun-21,경부선,269,송탄,103157 ,97512 ,18842 ,18313 
Jun-21,경부선,270,서정리,154350 ,147340 ,27403 ,26920 
Jun-21,경부선,271,평택지제,74470 ,70682 ,9575 ,9135 
Jun-21,경부선,272,평택,290506 ,288378 ,55474 ,54042 
Jun-21,경부선,273,성환,85418 ,85025 ,16795 ,16885 
Jun-21,경부선,274,직산,16935 ,17283 ,4040 ,3889 
Jun-21,경부선,275,두정,131446 ,134804 ,19947 ,20419 
Jun-21,경부선,276,천안,109903 ,110971 ,45438 ,45712 
Jun-21,경부선,277,당정,140256 ,133676 ,27017 ,25879 
Jun-21,경부선,278,서동탄,34025 ,29951 ,7168 ,7057 
Jun-21,경부선,279,광명,82820 ,70957 ,7925 ,7533 
Jun-21,경인선,293,개봉,450165 ,448952 ,133152 ,139571 
Jun-21,경인선,294,오류동,250606 ,230769 ,81837 ,80208 
Jun-21,경인선,295,역곡,609697 ,598518 ,131799 ,134380 
Jun-21,경인선,296,부천,731771 ,730824 ,174509 ,176896 
Jun-21,경인선,297,송내,624477 ,625306 ,102885 ,101931 
Jun-21,경인선,298,부평,730114 ,781300 ,120304 ,121345 
Jun-21,경인선,299,백운,145191 ,141634 ,50906 ,51821 
Jun-21,경인선,300,동암,337454 ,338012 ,81600 ,82071 
Jun-21,경인선,301,주안,445191 ,401528 ,75188 ,67317 
Jun-21,경인선,302,제물포,236855 ,226272 ,55149 ,54737 
Jun-21,경인선,303,동인천,289748 ,274209 ,101458 ,98351 
Jun-21,경인선,304,인천,75095 ,54236 ,37414 ,33620 
Jun-21,경인선,305,구일,149712 ,151587 ,37291 ,36653 
Jun-21,경인선,306,소사,190566 ,185984 ,55046 ,55131 
Jun-21,경인선,307,부개,178986 ,164714 ,54636 ,53425 
Jun-21,경인선,308,간석,124809 ,118115 ,38973 ,37726 
Jun-21,경인선,309,도원,63103 ,62663 ,27056 ,28697 
Jun-21,경인선,310,온수(성공회대입구),148695 ,141189 ,42774 ,41174 
Jun-21,경인선,311,중동,189500 ,176924 ,60624 ,59158 
Jun-21,경인선,312,도화,83005 ,75764 ,33702 ,32767 
Jun-21,경원선,128,이촌(국립중앙박물관),83669 ,61455 ,23465 ,19791 
Jun-21,경원선,129,서빙고,39100 ,35550 ,13744 ,13194 
Jun-21,경원선,130,한남,84929 ,80464 ,25686 ,24115 
Jun-21,경원선,131,옥수,1482 ,922 ,102 ,85 
Jun-21,경원선,132,응봉,35930 ,30254 ,15100 ,13518 
Jun-21,경원선,133,왕십리(성동구청),324010 ,367153 ,53006 ,57989 
Jun-21,경원선,134,청량리(서울시립대입구),304090 ,315879 ,130576 ,141126 
Jun-21,경원선,136,외대앞,153873 ,151066 ,38619 ,39829 
Jun-21,경원선,137,신이문,169040 ,153029 ,60109 ,58409 
Jun-21,경원선,138,석계,166682 ,191428 ,53359 ,57701 
Jun-21,경원선,139,광운대,179208 ,171908 ,48279 ,47531 
Jun-21,경원선,140,월계,126396 ,117541 ,54663 ,52090 
Jun-21,경원선,141,녹천,93632 ,77460 ,34726 ,31099 
Jun-21,경원선,142,창동,6 ,0 ,1 ,0 
Jun-21,경원선,358,방학,168739 ,163496 ,93198 ,92090 
Jun-21,경원선,359,도봉,100269 ,93792 ,62412 ,62363 
Jun-21,경원선,360,도봉산,135512 ,73711 ,105764 ,84606 
Jun-21,경원선,361,망월사,142657 ,144667 ,61333 ,63041 
Jun-21,경원선,362,회룡,211894 ,210382 ,128208 ,127824 
Jun-21,경원선,363,의정부,412380 ,427930 ,95176 ,96176 
Jun-21,경원선,364,가능,130729 ,124060 ,50619 ,50251 
Jun-21,경원선,365,녹양,93544 ,89541 ,34459 ,33430 
Jun-21,경원선,366,양주,163629 ,151287 ,48346 ,47172 
Jun-21,경원선,367,덕계,64081 ,56773 ,19176 ,18547 
Jun-21,경원선,368,덕정,127200 ,122338 ,29915 ,30370 
Jun-21,경원선,369,지행,138789 ,138712 ,38822 ,38538 
Jun-21,경원선,370,동두천중앙,56564 ,54401 ,30620 ,30589 
Jun-21,경원선,371,보산,32538 ,30273 ,12278 ,11736 
Jun-21,경원선,372,동두천,38610 ,42818 ,20643 ,25740 
Jun-21,경원선,373,소요산,29796 ,23678 ,64825 ,57678 
Jun-21,안산선,280,산본,349246 ,374730 ,83548 ,84190 
Jun-21,안산선,281,대야미,110502 ,98529 ,28277 ,27207 
Jun-21,안산선,282,반월,94081 ,89144 ,25695 ,25367 
Jun-21,안산선,283,상록수,376154 ,375880 ,61648 ,62708 
Jun-21,안산선,284,한대앞,210893 ,209267 ,39568 ,40158 
Jun-21,안산선,285,중앙,437342 ,454795 ,50900 ,50242 
Jun-21,안산선,286,고잔,207161 ,198710 ,31966 ,30737 
Jun-21,안산선,287,초지,112725 ,118753 ,13625 ,13960 
Jun-21,안산선,288,안산,300783 ,277740 ,34314 ,31957 
Jun-21,안산선,289,신길온천,38209 ,35302 ,9739 ,9428 
Jun-21,안산선,290,정왕,220863 ,227840 ,23792 ,25367 
Jun-21,안산선,291,오이도,209909 ,204580 ,33323 ,32707 
Jun-21,안산선,292,수리산,86065 ,67700 ,29691 ,28420 
Jun-21,과천선,230,선바위,195371 ,167081 ,29162 ,28514 
Jun-21,과천선,231,경마공원,25583 ,25595 ,11936 ,11513 
Jun-21,과천선,232,대공원,59954 ,63755 ,44709 ,45490 
Jun-21,과천선,233,과천,119108 ,107481 ,34038 ,32687 
Jun-21,과천선,234,정부과천청사,221252 ,220853 ,42521 ,42250 
Jun-21,과천선,235,인덕원,540397 ,547948 ,88459 ,90888 
Jun-21,과천선,236,평촌,403844 ,398872 ,55316 ,55056 
Jun-21,과천선,237,범계,603269 ,596122 ,89313 ,87835 
Jun-21,분당선,143,선릉,295111 ,446206 ,38701 ,49483 
Jun-21,분당선,144,한티,320883 ,340183 ,55749 ,57000 
Jun-21,분당선,145,도곡,140404 ,138424 ,36279 ,34381 
Jun-21,분당선,146,구룡,43596 ,41583 ,12579 ,12353 
Jun-21,분당선,147,개포동,81700 ,84278 ,20703 ,20866 
Jun-21,분당선,148,대모산입구,68409 ,62163 ,24581 ,24635 
Jun-21,분당선,149,수서,313493 ,322234 ,55493 ,56734 
Jun-21,분당선,150,복정,13 ,0 ,1 ,0 
Jun-21,분당선,313,수원,199158 ,165262 ,26449 ,23803 
Jun-21,분당선,314,서울숲,270800 ,275791 ,26379 ,25906 
Jun-21,분당선,315,압구정로데오,475180 ,532375 ,40902 ,38977 
Jun-21,분당선,316,강남구청,219332 ,254930 ,33713 ,36474 
Jun-21,분당선,317,선정릉,179410 ,193781 ,24324 ,23708 
Jun-21,분당선,318,가천대,186740 ,210955 ,22567 ,23914 
Jun-21,분당선,319,태평,288209 ,269389 ,80679 ,83650 
Jun-21,분당선,320,모란,413836 ,404985 ,150000 ,163519 
Jun-21,분당선,321,야탑,552143 ,580481 ,124753 ,124282 
Jun-21,분당선,322,서현,548799 ,562922 ,98407 ,94186 
Jun-21,분당선,323,수내,280319 ,280804 ,62275 ,60823 
Jun-21,분당선,324,정자,401840 ,423036 ,55433 ,55723 
Jun-21,분당선,325,미금,319616 ,338048 ,90395 ,95502 
Jun-21,분당선,326,오리,247385 ,207480 ,62115 ,53701 
Jun-21,분당선,327,이매,120146 ,112205 ,32965 ,32138 
Jun-21,분당선,328,보정,49856 ,42952 ,16978 ,16020 
Jun-21,분당선,329,죽전,298012 ,329770 ,57878 ,63346 
Jun-21,분당선,330,구성,100803 ,105950 ,29555 ,29389 
Jun-21,분당선,331,신갈,95775 ,94719 ,23005 ,23173 
Jun-21,분당선,332,기흥,217020 ,205102 ,35771 ,35082 
Jun-21,분당선,333,상갈,118625 ,114600 ,27104 ,25912 
Jun-21,분당선,334,청명,96348 ,92002 ,16041 ,16069 
Jun-21,분당선,335,영통,196528 ,200422 ,24083 ,24465 
Jun-21,분당선,336,망포,338820 ,321263 ,31681 ,30592 
Jun-21,분당선,337,매탄권선,115669 ,111488 ,16853 ,16657 
Jun-21,분당선,338,수원시청,305776 ,330128 ,34695 ,35548 
Jun-21,분당선,339,매교,64117 ,65057 ,15353 ,15797 
Jun-21,일산선,374,원흥,224794 ,214340 ,51596 ,49387 
Jun-21,일산선,375,지축,5 ,0 ,0 ,0 
Jun-21,일산선,376,삼송,410942 ,398993 ,84185 ,85346 
Jun-21,일산선,377,원당,232074 ,220308 ,72028 ,71242 
Jun-21,일산선,378,화정,352815 ,362413 ,99398 ,100915 
Jun-21,일산선,379,대곡,40357 ,30111 ,11454 ,10724 
Jun-21,일산선,380,백석,204194 ,205731 ,63195 ,62554 
Jun-21,일산선,381,마두,142180 ,145746 ,54427 ,55944 
Jun-21,일산선,382,정발산,155368 ,160076 ,42161 ,39809 
Jun-21,일산선,383,주엽,166704 ,163703 ,71165 ,73402 
Jun-21,일산선,384,대화,279453 ,219728 ,69138 ,64389 
Jun-21,중앙선,135,회기,547246 ,526911 ,109130 ,106975 
Jun-21,중앙선,152,중랑,110574 ,104494 ,43835 ,42601 
Jun-21,중앙선,153,상봉(시외버스터미널),131723 ,132244 ,37033 ,35352 
Jun-21,중앙선,154,망우,150174 ,146107 ,62118 ,62976 
Jun-21,중앙선,155,양원,34177 ,34175 ,15365 ,15417 
Jun-21,중앙선,156,구리,293424 ,299264 ,74425 ,74895 
Jun-21,중앙선,157,도농,213030 ,192087 ,53523 ,51833 
Jun-21,중앙선,158,양정,14931 ,12552 ,8126 ,7395 
Jun-21,중앙선,159,덕소,115762 ,114525 ,41318 ,41815 
Jun-21,중앙선,160,도심,50986 ,38900 ,16499 ,15711 
Jun-21,중앙선,161,팔당,22609 ,23186 ,8316 ,8452 
Jun-21,중앙선,162,운길산,18709 ,17611 ,12751 ,12605 
Jun-21,중앙선,163,양수,37529 ,38012 ,22542 ,22756 
Jun-21,중앙선,164,신원,3709 ,2916 ,3399 ,2837 
Jun-21,중앙선,165,국수,13467 ,12733 ,8772 ,8896 
Jun-21,중앙선,166,아신,11045 ,11093 ,5615 ,5537 
Jun-21,중앙선,167,오빈,5046 ,4749 ,3768 ,3729 
Jun-21,중앙선,168,양평,54335 ,55227 ,28307 ,29253 
Jun-21,중앙선,169,원덕,5259 ,5030 ,6214 ,5980 
Jun-21,중앙선,170,용문,30904 ,30643 ,35522 ,35379 
Jun-21,중앙선,171,지평,872 ,1152 ,1110 ,1077 
Jun-21,장항선,224,봉명,23320 ,22202 ,8997 ,8659 
Jun-21,장항선,225,쌍용(나사렛대),44895 ,42066 ,10544 ,10035 
Jun-21,장항선,226,아산,72485 ,65526 ,9941 ,9562 
Jun-21,장항선,227,배방,22582 ,22178 ,5929 ,6063 
Jun-21,장항선,228,온양온천,65170 ,66106 ,35167 ,35758 
Jun-21,장항선,229,신창(순천향대),31729 ,30962 ,6335 ,5897 
Jun-21,경의선,173,신촌,18086 ,22367 ,3417 ,3794 
Jun-21,경의선,174,효창공원앞,62002 ,71128 ,12932 ,14139 
Jun-21,경의선,176,서강대,47294 ,45050 ,9869 ,9452 
Jun-21,경의선,178,가좌,108644 ,99470 ,37922 ,37617 
Jun-21,경의선,180,수색,59981 ,62836 ,13726 ,14014 
Jun-21,경의선,181,화전,38784 ,35204 ,9033 ,8883 
Jun-21,경의선,182,강매,69532 ,59354 ,16345 ,15769 
Jun-21,경의선,183,행신,180235 ,179205 ,29760 ,29995 
Jun-21,경의선,184,능곡,76274 ,69233 ,26433 ,26194 
Jun-21,경의선,185,곡산,11520 ,11772 ,4746 ,4876 
Jun-21,경의선,186,백마,155194 ,147855 ,29630 ,29525 
Jun-21,경의선,187,풍산,122423 ,114395 ,30486 ,30093 
Jun-21,경의선,188,일산,198728 ,195425 ,52181 ,52180 
Jun-21,경의선,189,탄현,173484 ,165708 ,32795 ,32193 
Jun-21,경의선,190,야당,158490 ,156672 ,29381 ,28415 
Jun-21,경의선,191,운정,147816 ,138538 ,33089 ,32626 
Jun-21,경의선,192,금릉,104476 ,101442 ,23003 ,22798 
Jun-21,경의선,193,금촌,136759 ,135066 ,39912 ,40661 
Jun-21,경의선,194,월롱,55935 ,52701 ,7671 ,8490 
Jun-21,경의선,195,파주,30720 ,21683 ,7262 ,6121 
Jun-21,경의선,196,문산,104331 ,103669 ,38448 ,38528 
Jun-21,경의선,197,임진강,514 ,419 ,586 ,561 
Jun-21,경의선,198,서울역,90205 ,111620 ,13262 ,16340 
Jun-21,경의선,199,공덕,82603 ,71951 ,12009 ,11778 
Jun-21,경의선,200,홍대입구,44881 ,50459 ,4442 ,4881 
Jun-21,경의선,201,디지털미디어시티,59517 ,56174 ,10172 ,10156 
Jun-21,경의선,202,김포공항,1 ,0 ,0 ,0 
Jun-21,경의선,203,계양,3 ,0 ,0 ,0 
Jun-21,경의선,204,검암,1 ,0 ,0 ,0 
Jun-21,경춘선,205,신내,32354 ,33033 ,13461 ,13018 
Jun-21,경춘선,206,갈매,66170 ,56294 ,17767 ,16895 
Jun-21,경춘선,207,별내,65055 ,62118 ,19522 ,18696 
Jun-21,경춘선,208,퇴계원,74671 ,68148 ,25012 ,24263 
Jun-21,경춘선,209,사릉,74570 ,70452 ,18906 ,19406 
Jun-21,경춘선,210,금곡,28298 ,27030 ,14524 ,14136 
Jun-21,경춘선,211,평내호평,131045 ,130024 ,40081 ,38488 
Jun-21,경춘선,212,천마산,31482 ,28636 ,16495 ,16785 
Jun-21,경춘선,213,마석,80903 ,78723 ,31006 ,31511 
Jun-21,경춘선,214,대성리,10864 ,9780 ,6405 ,5794 
Jun-21,경춘선,215,청평,33464 ,32699 ,16679 ,16734 
Jun-21,경춘선,216,상천,4959 ,4137 ,4858 ,4660 
Jun-21,경춘선,217,가평,41374 ,42000 ,14695 ,14591 
Jun-21,경춘선,218,굴봉산,2271 ,2258 ,2848 ,2861 
Jun-21,경춘선,219,백양리,1608 ,1590 ,1337 ,1345 
Jun-21,경춘선,220,강촌,10413 ,9989 ,5370 ,5524 
Jun-21,경춘선,221,김유정,6705 ,7559 ,3638 ,3853 
Jun-21,경춘선,222,남춘천,49355 ,50152 ,21117 ,22023 
Jun-21,경춘선,223,춘천,29395 ,26642 ,14913 ,12529 
Jun-21,수인선,340,고색,90679 ,86968 ,13976 ,12492 
Jun-21,수인선,341,오목천,67372 ,61249 ,10209 ,10274 
Jun-21,수인선,342,어천,16272 ,16585 ,3785 ,4215 
Jun-21,수인선,343,야목,5490 ,4683 ,1556 ,1289 
Jun-21,수인선,344,사리,99841 ,88711 ,15096 ,14276 
Jun-21,수인선,345,달월,1486 ,1172 ,918 ,649 
Jun-21,수인선,346,월곶,58082 ,53867 ,13035 ,12910 
Jun-21,수인선,347,소래포구,101502 ,96981 ,61728 ,60460 
Jun-21,수인선,348,인천논현,125120 ,132865 ,28279 ,28517 
Jun-21,수인선,349,호구포,86069 ,90207 ,18374 ,18715 
Jun-21,수인선,350,남동인더스파크,51202 ,57407 ,6213 ,6260 
Jun-21,수인선,351,원인재,93524 ,99019 ,27684 ,27820 
Jun-21,수인선,352,연수,100566 ,97723 ,25609 ,25467 
Jun-21,수인선,353,송도,53136 ,48292 ,19737 ,19615 
Jun-21,수인선,354,인하대,135757 ,127204 ,23439 ,22762 
Jun-21,수인선,355,숭의,80697 ,74744 ,26823 ,25761 
Jun-21,수인선,356,신포,38364 ,39358 ,12218 ,12296 
Jun-21,수인선,357,인천,19213 ,35459 ,12824 ,16317 
Jun-21,경강선,238,판교,107337 ,106537 ,12054 ,10606 
Jun-21,경강선,239,이매,25254 ,20035 ,5983 ,5555 
Jun-21,경강선,240,삼동,52517 ,47760 ,10762 ,10551 
Jun-21,경강선,241,경기광주,165505 ,156553 ,26033 ,25986 
Jun-21,경강선,242,초월,70873 ,66303 ,12475 ,12094 
Jun-21,경강선,243,곤지암,49826 ,50699 ,11709 ,12054 
Jun-21,경강선,244,신둔도예촌,32368 ,29634 ,6327 ,6189 
Jun-21,경강선,245,이천,59217 ,63177 ,11530 ,12607 
Jun-21,경강선,246,부발,45266 ,45235 ,6507 ,6520 
Jun-21,경강선,247,세종대왕릉,5491 ,5374 ,2957 ,3054 
Jun-21,경강선,248,여주,46095 ,47330 ,13766 ,13671 
Jun-21,5호선,385,방화,137908 ,131093 ,44213 ,42586 
Jun-21,5호선,386,개화산,112665 ,106826 ,33461 ,32948 
Jun-21,5호선,387,김포공항,185688 ,175427 ,27574 ,29695 
Jun-21,5호선,388,송정,135342 ,126191 ,45070 ,43314 
Jun-21,5호선,389,마곡,228125 ,227883 ,34374 ,33804 
Jun-21,5호선,390,발산,443506 ,465513 ,77594 ,74755 
Jun-21,5호선,391,우장산,305683 ,295801 ,75829 ,79353 
Jun-21,5호선,392,화곡,630301 ,586647 ,124428 ,118726 
Jun-21,5호선,393,까치산,641920 ,609894 ,134456 ,136654 
Jun-21,5호선,394,신정(은행정),316569 ,247829 ,52523 ,51510 
Jun-21,5호선,395,목동,376795 ,412416 ,72478 ,73326 
Jun-21,5호선,396,오목교(목동운동장앞),515359 ,561663 ,72698 ,72152 
Jun-21,5호선,397,양평,167899 ,165500 ,25132 ,24829 
Jun-21,5호선,398,영등포구청,83295 ,84670 ,18174 ,17706 
Jun-21,5호선,399,영등포시장,203935 ,212524 ,50882 ,51718 
Jun-21,5호선,400,신길,96237 ,103502 ,10439 ,10739 
Jun-21,5호선,401,여의도,658960 ,703198 ,46245 ,42798 
Jun-21,5호선,402,여의나루,305129 ,346040 ,25535 ,25359 
Jun-21,5호선,403,마포,313938 ,321834 ,52138 ,51190 
Jun-21,5호선,404,공덕,327077 ,350966 ,38013 ,35716 
Jun-21,5호선,405,애오개,147142 ,148625 ,32275 ,31127 
Jun-21,5호선,406,충정로(경기대입구),112040 ,113332 ,12418 ,12818 
Jun-21,5호선,407,서대문,415632 ,427531 ,56465 ,53109 
Jun-21,5호선,408,광화문(세종문화회관),693130 ,732281 ,59043 ,57515 
Jun-21,5호선,409,종로3가,263053 ,256018 ,77903 ,83719 
Jun-21,5호선,410,을지로4가,115298 ,121641 ,39909 ,39974 
Jun-21,5호선,411,동대문역사문화공원(DDP),62968 ,74854 ,7334 ,8281 
Jun-21,5호선,412,청구,83302 ,79913 ,22515 ,17076 
Jun-21,5호선,413,신금호,137563 ,138691 ,32652 ,36746 
Jun-21,5호선,414,행당,177503 ,157293 ,44671 ,39910 
Jun-21,5호선,415,왕십리(성동구청),103719 ,116474 ,19877 ,19567 
Jun-21,5호선,416,마장,114769 ,105838 ,33218 ,32057 
Jun-21,5호선,417,답십리,350396 ,316766 ,68115 ,65515 
Jun-21,5호선,418,장한평,406335 ,400054 ,74392 ,74847 
Jun-21,5호선,419,군자(능동),264924 ,291982 ,34595 ,35873 
Jun-21,5호선,420,아차산(어린이대공원후문),314686 ,304998 ,84897 ,83813 
Jun-21,5호선,421,광나루(장신대),292084 ,267660 ,60209 ,57403 
Jun-21,5호선,422,천호(풍납토성),389235 ,381303 ,106241 ,108598 
Jun-21,5호선,423,강동,407168 ,387229 ,84032 ,81510 
Jun-21,5호선,424,길동,154399 ,159629 ,60879 ,62893 
Jun-21,5호선,425,굽은다리(강동구민회관앞),195850 ,187056 ,63358 ,59226 
Jun-21,5호선,426,명일,174729 ,178498 ,57135 ,59701 
Jun-21,5호선,427,고덕,193107 ,191746 ,53941 ,53860 
Jun-21,5호선,428,상일동,341234 ,304333 ,77250 ,74087 
Jun-21,5호선,429,둔촌동,179343 ,178104 ,54197 ,54888 
Jun-21,5호선,430,올림픽공원(한국체대),87949 ,77363 ,30592 ,27512 
Jun-21,5호선,431,방이,150828 ,154292 ,38261 ,38026 
Jun-21,5호선,432,오금,83001 ,80872 ,17597 ,16784 
Jun-21,5호선,433,개롱,133770 ,140027 ,40271 ,41205 
Jun-21,5호선,434,거여,172628 ,163891 ,54480 ,53080 
Jun-21,5호선,435,마천,125297 ,124019 ,47441 ,49348 
Jun-21,5호선,436,강일,63882 ,66021 ,23127 ,22910 
Jun-21,5호선,437,미사,343486 ,340437 ,57130 ,56729 
Jun-21,5호선,438,하남풍산,86542 ,86707 ,20327 ,20255 
Jun-21,5호선,439,하남시청(덕풍·신장),98773 ,97376 ,44806 ,46107 
Jun-21,5호선,440,하남검단산,102905 ,100754 ,38490 ,38546 
Jun-21,6호선,441,응암,374997 ,369904 ,99769 ,98384 
Jun-21,6호선,442,역촌,73269 ,90229 ,29108 ,28546 
Jun-21,6호선,443,불광,88031 ,90969 ,35780 ,29796 
Jun-21,6호선,444,독바위,58228 ,59018 ,17802 ,22012 
Jun-21,6호선,445,연신내,19 ,0 ,2 ,0 
Jun-21,6호선,446,구산,159864 ,107843 ,44232 ,45950 
Jun-21,6호선,447,새절(신사),270576 ,248655 ,76001 ,76625 
Jun-21,6호선,448,증산(명지대앞),209102 ,204367 ,61795 ,63240 
Jun-21,6호선,449,디지털미디어시티,307996 ,336861 ,47213 ,47079 
Jun-21,6호선,450,월드컵경기장(성산),79457 ,87206 ,53090 ,51868 
Jun-21,6호선,451,마포구청,310732 ,279310 ,67312 ,61428 
Jun-21,6호선,452,망원,317956 ,349484 ,72034 ,75186 
Jun-21,6호선,453,합정,332441 ,320816 ,34558 ,32033 
Jun-21,6호선,454,상수,207319 ,234388 ,18613 ,18824 
Jun-21,6호선,455,광흥창(서강),195768 ,187116 ,38767 ,38145 
Jun-21,6호선,456,대흥(서강대앞),174043 ,180977 ,38655 ,37946 
Jun-21,6호선,457,공덕,412116 ,397750 ,62692 ,58279 
Jun-21,6호선,458,효창공원앞,151648 ,135582 ,34533 ,32651 
Jun-21,6호선,459,삼각지,153252 ,131015 ,14585 ,12191 
Jun-21,6호선,460,녹사평(용산구청),127687 ,126314 ,16254 ,15727 
Jun-21,6호선,461,이태원,254686 ,263859 ,27051 ,27776 
Jun-21,6호선,462,한강진,208211 ,246194 ,13806 ,13379 
Jun-21,6호선,463,버티고개,44540 ,42392 ,10431 ,13483 
Jun-21,6호선,464,약수,76788 ,76780 ,19844 ,19043 
Jun-21,6호선,465,청구,84116 ,85768 ,16883 ,20254 
Jun-21,6호선,466,신당,182272 ,193076 ,30317 ,28999 
Jun-21,6호선,467,동묘앞,164487 ,170589 ,60336 ,55672 
Jun-21,6호선,468,창신,79228 ,63003 ,16580 ,15944 
Jun-21,6호선,469,보문,164766 ,151543 ,27635 ,26182 
Jun-21,6호선,470,안암(고대병원앞),239962 ,240762 ,29646 ,28106 
Jun-21,6호선,471,고려대(종암),180878 ,170839 ,29392 ,29582 
Jun-21,6호선,472,월곡(동덕여대),234783 ,232344 ,60924 ,61096 
Jun-21,6호선,473,상월곡(한국과학기술연구원),132554 ,116362 ,34979 ,34576 
Jun-21,6호선,474,돌곶이,196470 ,181576 ,49036 ,48584 
Jun-21,6호선,475,석계,263036 ,270077 ,66416 ,66781 
Jun-21,6호선,476,태릉입구,119587 ,133620 ,26141 ,27626 
Jun-21,6호선,477,화랑대(서울여대입구),261207 ,203888 ,40422 ,35860 
Jun-21,6호선,478,봉화산(서울의료원),190247 ,176457 ,42706 ,42206 
Jun-21,6호선,479,신내,7 ,0 ,0 ,0 
Jun-21,7호선,480,장암,55601 ,23188 ,9323 ,6877 
Jun-21,7호선,481,도봉산,206587 ,241480 ,44655 ,64006 
Jun-21,7호선,482,수락산,272220 ,267576 ,86548 ,86889 
Jun-21,7호선,483,마들,264195 ,245722 ,72068 ,72259 
Jun-21,7호선,484,노원,422640 ,454153 ,101514 ,102472 
Jun-21,7호선,485,중계,303021 ,272488 ,80194 ,77292 
Jun-21,7호선,486,하계,383813 ,359258 ,88770 ,86065 
Jun-21,7호선,487,공릉(서울과학기술대),262409 ,261063 ,58976 ,59191 
Jun-21,7호선,488,태릉입구,188703 ,178976 ,38998 ,36238 
Jun-21,7호선,489,먹골,217475 ,210570 ,55900 ,56945 
Jun-21,7호선,490,중화,240832 ,232580 ,56252 ,56008 
Jun-21,7호선,491,상봉(시외버스터미널),400900 ,378095 ,61278 ,59029 
Jun-21,7호선,492,면목,340130 ,325680 ,81730 ,84291 
Jun-21,7호선,493,사가정,360758 ,358018 ,88696 ,87855 
Jun-21,7호선,494,용마산(용마폭포공원),135393 ,129515 ,31203 ,34089 
Jun-21,7호선,495,중곡,215157 ,194554 ,50768 ,51324 
Jun-21,7호선,496,군자(능동),330771 ,261219 ,63827 ,55794 
Jun-21,7호선,497,어린이대공원(세종대),300918 ,296946 ,36202 ,35810 
Jun-21,7호선,498,건대입구,283177 ,293157 ,45052 ,39916 
Jun-21,7호선,499,뚝섬유원지,225544 ,218115 ,37978 ,38465 
Jun-21,7호선,500,청담,439012 ,498283 ,60528 ,57661 
Jun-21,7호선,501,강남구청,379053 ,422181 ,42606 ,43316 
Jun-21,7호선,502,학동,552600 ,598079 ,52213 ,48263 
Jun-21,7호선,503,논현,482755 ,522504 ,44974 ,44303 
Jun-21,7호선,504,반포,128673 ,124519 ,27975 ,26287 
Jun-21,7호선,505,고속터미널,379243 ,310808 ,62282 ,54211 
Jun-21,7호선,506,내방,314087 ,323102 ,55810 ,54464 
Jun-21,7호선,507,이수,355318 ,346568 ,65283 ,62669 
Jun-21,7호선,508,남성,235852 ,216406 ,60732 ,60437 
Jun-21,7호선,509,숭실대입구(살피재),275306 ,277700 ,49983 ,52372 
Jun-21,7호선,510,상도,231996 ,223714 ,51980 ,49722 
Jun-21,7호선,511,장승배기,198555 ,191537 ,58566 ,59221 
Jun-21,7호선,512,신대방삼거리,358895 ,338843 ,76477 ,78043 
Jun-21,7호선,513,보라매,221773 ,222465 ,37175 ,36057 
Jun-21,7호선,514,신풍,257876 ,242240 ,60591 ,61352 
Jun-21,7호선,515,대림(구로구청),200497 ,201182 ,31004 ,30090 
Jun-21,7호선,516,남구로,372430 ,394548 ,53058 ,53361 
Jun-21,7호선,517,가산디지털단지,1089351 ,1088926 ,79516 ,75247 
Jun-21,7호선,518,철산,490621 ,503854 ,84564 ,83894 
Jun-21,7호선,519,광명사거리,477456 ,464423 ,128106 ,131058 
Jun-21,7호선,520,천왕,255795 ,240863 ,48434 ,47926 
Jun-21,7호선,521,온수(성공회대입구),247338 ,228644 ,34181 ,32829 
Jun-21,7호선,522,까치울,183844 ,177507 ,28270 ,28756 
Jun-21,7호선,523,부천종합운동장,108341 ,93747 ,18185 ,17923 
Jun-21,7호선,524,춘의,222313 ,216764 ,29388 ,28729 
Jun-21,7호선,525,신중동,337294 ,336380 ,46809 ,45535 
Jun-21,7호선,526,부천시청,295992 ,294964 ,48796 ,47613 
Jun-21,7호선,527,상동,308037 ,321587 ,43874 ,43267 
Jun-21,7호선,528,삼산체육관,117505 ,105461 ,27443 ,26529 
Jun-21,7호선,529,굴포천,212353 ,225470 ,32272 ,32623 
Jun-21,7호선,530,부평구청,185361 ,160069 ,25072 ,23011 
Jun-21,8호선,531,암사,410809 ,356369 ,92148 ,90981 
Jun-21,8호선,532,천호(풍납토성),332938 ,396171 ,68073 ,65337 
Jun-21,8호선,533,강동구청,220268 ,227073 ,54506 ,54769 
Jun-21,8호선,534,몽촌토성(평화의문),130804 ,136151 ,27224 ,26191 
Jun-21,8호선,535,잠실(송파구청),316427 ,381697 ,56376 ,54569 
Jun-21,8호선,536,석촌,162733 ,193263 ,41602 ,44587 
Jun-21,8호선,537,송파,157217 ,157432 ,45624 ,45304 
Jun-21,8호선,538,가락시장,149235 ,169737 ,51429 ,53090 
Jun-21,8호선,539,문정,495677 ,523702 ,48416 ,47918 
Jun-21,8호선,540,장지,392197 ,374706 ,66151 ,62624 
Jun-21,8호선,541,복정,252648 ,219109 ,40760 ,37458 
Jun-21,8호선,542,산성,133817 ,131169 ,30436 ,33831 
Jun-21,8호선,543,남한산성입구(성남법원.검찰청),299752 ,271842 ,69511 ,66513 
Jun-21,8호선,544,단대오거리,220806 ,212134 ,60442 ,58817 
Jun-21,8호선,545,신흥,87424 ,94698 ,33422 ,34507 
Jun-21,8호선,546,수진,103252 ,91579 ,35993 ,35471 
Jun-21,8호선,547,모란,77102 ,61741 ,47255 ,36597 
Jun-21,9호선,607,개화,56079 ,38799 ,11899 ,9951 
Jun-21,9호선,608,김포공항,212507 ,328623 ,15985 ,20418 
Jun-21,9호선,609,공항시장,57025 ,60768 ,21976 ,24185 
Jun-21,9호선,610,신방화,141477 ,136992 ,39425 ,39155 
Jun-21,9호선,611,마곡나루(서울식물원),274495 ,275983 ,26470 ,26316 
Jun-21,9호선,612,양천향교,212949 ,216368 ,39029 ,39621 
Jun-21,9호선,613,가양,429462 ,419063 ,109516 ,105843 
Jun-21,9호선,614,증미,154835 ,153944 ,39798 ,40641 
Jun-21,9호선,615,등촌,228637 ,221693 ,69731 ,70144 
Jun-21,9호선,616,염창,390811 ,380811 ,59912 ,59817 
Jun-21,9호선,617,신목동,85781 ,76690 ,18621 ,17319 
Jun-21,9호선,618,선유도,189005 ,182564 ,25429 ,24887 
Jun-21,9호선,619,당산,420547 ,421010 ,55313 ,50098 
Jun-21,9호선,620,국회의사당,340057 ,355664 ,41855 ,36494 
Jun-21,9호선,621,여의도,640275 ,611065 ,39991 ,36640 
Jun-21,9호선,622,샛강,126162 ,132519 ,21373 ,21557 
Jun-21,9호선,623,노량진,624468 ,606580 ,73766 ,74947 
Jun-21,9호선,624,노들,94332 ,78024 ,26700 ,24744 
Jun-21,9호선,625,흑석(중앙대입구),160300 ,167542 ,45798 ,46235 
Jun-21,9호선,626,동작(현충원),45479 ,36733 ,17694 ,16144 
Jun-21,9호선,627,구반포,53163 ,55661 ,18509 ,18572 
Jun-21,9호선,628,신반포,70237 ,69659 ,16794 ,16805 
Jun-21,9호선,629,고속터미널,301872 ,401355 ,49864 ,57286 
Jun-21,9호선,630,사평,70729 ,69385 ,16123 ,16195 
Jun-21,9호선,631,신논현,801022 ,797168 ,50943 ,47439 
Jun-21,공항철도 1호선,645,서울역,185239 ,172650 ,27320 ,24699 
Jun-21,공항철도 1호선,646,공덕,53214 ,70149 ,6182 ,7254 
Jun-21,공항철도 1호선,647,홍대입구,264952 ,261969 ,15467 ,14731 
Jun-21,공항철도 1호선,648,디지털미디어시티,325875 ,295858 ,21140 ,19970 
Jun-21,공항철도 1호선,649,마곡나루(서울식물원),191264 ,185543 ,11183 ,11259 
Jun-21,공항철도 1호선,650,김포공항,326020 ,182319 ,20894 ,13209 
Jun-21,공항철도 1호선,651,계양,225186 ,208638 ,24184 ,22827 
Jun-21,공항철도 1호선,652,검암,164689 ,162451 ,15596 ,15891 
Jun-21,공항철도 1호선,653,청라국제도시,163897 ,154957 ,10422 ,10227 
Jun-21,공항철도 1호선,654,운서,152028 ,153614 ,23093 ,23220 
Jun-21,공항철도 1호선,655,공항화물청사,52084 ,56332 ,8222 ,8096 
Jun-21,공항철도 1호선,656,인천공항1터미널,77390 ,85298 ,12915 ,13080 
Jun-21,공항철도 1호선,657,인천공항2터미널,47240 ,46893 ,5988 ,5799 
Jun-21,공항철도 1호선,658,영종,66720 ,67615 ,17965 ,17880 
Jun-21,9호선2~3단계,632,언주,237326 ,243350 ,24867 ,24593 
Jun-21,9호선2~3단계,633,선정릉,225284 ,246431 ,20178 ,21097 
Jun-21,9호선2~3단계,634,삼성중앙,150651 ,159319 ,19156 ,18947 
Jun-21,9호선2~3단계,635,봉은사,387051 ,397234 ,36493 ,34741 
Jun-21,9호선2~3단계,636,종합운동장,96798 ,96997 ,15908 ,14425 
Jun-21,9호선2~3단계,637,삼전,148423 ,143214 ,30060 ,29115 
Jun-21,9호선2~3단계,638,석촌고분,129605 ,128195 ,28453 ,28398 
Jun-21,9호선2~3단계,639,석촌,189165 ,168638 ,28217 ,24693 
Jun-21,9호선2~3단계,640,송파나루,105985 ,117564 ,21526 ,21904 
Jun-21,9호선2~3단계,641,한성백제,54557 ,49562 ,13538 ,12408 
Jun-21,9호선2~3단계,642,올림픽공원(한국체대),149042 ,148376 ,21912 ,21935 
Jun-21,9호선2~3단계,643,둔촌오륜,26849 ,22926 ,5315 ,5446 
Jun-21,9호선2~3단계,644,중앙보훈병원,187744 ,161835 ,72759 ,71165 
Jun-21,우이신설선,702,북한산우이,53632 ,49169 ,30423 ,32173 
Jun-21,우이신설선,703,솔밭공원,41489 ,37688 ,25354 ,26838 
Jun-21,우이신설선,704,4.19민주묘지,48599 ,47572 ,32042 ,28589 
Jun-21,우이신설선,705,가오리,68987 ,66314 ,43330 ,44397 
Jun-21,우이신설선,706,화계,54234 ,49103 ,35860 ,35597 
Jun-21,우이신설선,707,삼양,30664 ,31643 ,23818 ,26515 
Jun-21,우이신설선,708,삼양사거리,34294 ,35461 ,31210 ,31734 
Jun-21,우이신설선,709,솔샘,117978 ,107357 ,32373 ,33834 
Jun-21,우이신설선,710,북한산보국문,123564 ,115379 ,37368 ,37811 
Jun-21,우이신설선,711,정릉,83296 ,75129 ,39625 ,37173 
Jun-21,우이신설선,712,성신여대입구(돈암),60791 ,71260 ,25633 ,24546 
Jun-21,우이신설선,713,보문,27516 ,27210 ,12863 ,13179 
Jun-21,우이신설선,714,신설동,34698 ,35468 ,23098 ,20419 
